CHR,START(hg19),END,SVLEN,ID,VALIDATION,VALIDATION_METHOD,ARRAY_VALIDATION_PLOT,LEFT_PRIMER(S),RIGHT_PRIMER(S),SVTYPE,BREAKPOINT SEQUENCE,PARENT_ALLELE_FREQ,CYTOBAND,ALGORITHM,GENOTYPER,1KG_OVERLAP,DESCRIPTION,PROXIMAL_BREAKPOINT_LOCATION,DISTAL_BREAKPOINT_LOCATION,GENES_IN_BP_INTERVAL,Num genes
2,74482718,74511562,"28,845",REACH000239,1,ARRAY,click here,-,-,DEL,TGTTGGCCAGGCTGGTCTCGAACTCCTGACCTCATGATCTGCCCACCTTGGCATCCCAAAGTGCTGGGATTACAGGCGTGAGCCACCGCGCCCGGCCTATTCCTTATTTCTAATGAAAGAAATTAAATATTAAT,0,2p13.1,Lumpy_ForestSV,SVtyper_gtCNV,0,chr2:74482718-74511562_deletion,"NM_021196,SLC4A5,intron_8/25|NM_133478,SLC4A5,intron_13/30","NM_133478,SLC4A5,intron_8/30|NM_021196,SLC4A5,intron_3/25","NM_133478,SLC4A5,5/31_exons|NM_021196,SLC4A5,5/26_exons",2
2,206751262,206751301,40,L7T2M_01,0,PCR,NA,AAGCGGCCTAACAGCAAATA,TTCCAAGTCGCTGGGACTAC,DEL,NA,0,2q33.3,Lumpy,SVtyper,0,chr2:206751262-206751301_deletion,intergenic,intergenic,intergenic,0
5,23341910,23342024,115,REACH000242,0,PCR,NA,TCAGCCACAAAACTACCAACA,GCTTGGATTTGAGGAGCAGT,DEL,NA,0,5p14.2,Lumpy,SVtyper,0,chr5:23341910-23342024_deletion,intergenic,intergenic,intergenic,0
5,111391883,111398124,"6,242",REACH000300,1,ARRAY,click here,-,-,DEL,TGCGCAAAAACCACTAGCATTCCTGTACACCAACAACAGCCAAACTGAGAGCCAAATAAAAAAGGCAATCCCATTCACAATTGCCACTAAAAGAATAAAATACCTAGGAATACAGCTAACCAGATGTTCTGTCTGCTGAGATTCATAAAGCTGAAAGAGAATTTCAAGAAACTATTTGGGGATTTTAAAAACAGAATTTTATGTGGTCTGATATAATTTACTAATGTTCCAGAAGGGCAGA,0,5q22.1,Lumpy_ForestSV,SVtyper_gtCNV,0,chr5:111391883-111398124_deletion,intergenic,intergenic,intergenic,0
5,124951551,124952800,"1,250",REACH000171,0,ARRAY,NA,-,-,DEL,NA,0,5q23.2,ForestSV,gtCNV,NA,chr5:124951551-124952800_deletion,intergenic,intergenic,intergenic,0
6,93142762,93142953,192,REACH000001,1,PCR,NA,CCACCACTCCCATCTAACCT,TGGAAGAATCACCTGAACCA,DEL,TGCAGTGAGCGAGTCCAGCCATTGCACTCCAGCCTGAGTGACAGAGTGAGAGCCCATCTTAAAAAAAACAAAACGAAACGAAAAAACAGAATTAACAAACTCGATTGGTTCCAGGCGCGGTGGCACATGCCTCTAACCCCAGCACTTTGGGAGGCTGAAGCAGGTGGATCACGAGGTCAGGAGTTCAAGACCAGCCTGACCAACATGGCGAAACCCTGTCTGTACTAAAAACACAAAGGTTAGATGGGAGTGGTGG,0,6q16.1,Lumpy,SVtyper,0,chr6:93142762-93142953_deletion,intergenic,intergenic,intergenic,0
6,100911771,100916248,"4,478",REACH000162,1,ARRAY,click here,-,-,DEL,GCCAGCTGCGAACCCTGGTCCTCGGAAAATCGACATAATAATCCCTGACGTTTGCTCTTCAGTCTCGCGGCATTTAAGGTATCTCCGAGCCCCTTAGGAAATATTAACATTTTCTAGTTCCAAGTATATTAGTTAACGTAATCCTGTCCTAGACTCATTTATTTTTACCACATTTAGAC,0,6q16.3,Lumpy_ForestSV,SVtyper_gtCNV,0,chr6:100911771-100916248_deletion,"NM_005068,SIM1,upstream_1kb",intergenic,"NM_005068,SIM1,upstream_1kb",1
7,112115898,112119056,NA,REACH000141,1,PCR,NA,TGAAGACAGCAAAAGACTGATTTC,CCTTTTGTTGATGCCAGTGA,BND,GGAAAACAATTAGCCAAAGTTTAATTTCTTACACTGTGGTTGTCAAGAATACTGATTTACTATAATGATATATACATGCAAGATATTTAACTTAATATCTTAGACAAGAGTTCTGGGTACAATTTTGGGATCTAGTTCCCCTGGAAAAGCTGCTGTATTTTTAATTTTTAATGGAATGTAGCTTTTAAAAT,0,7q31.1,Lumpy,SVtyper,NA,complex_SV,"NM_001550,IFRD1,UTR3|NM_001197079,IFRD1,UTR3|NM_001197080,IFRD1,UTR3|NM_001007245,IFRD1,UTR3",intergenic,"NM_001197079,IFRD1,downstream_1kb|NM_001197080,IFRD1,UTR3|NM_001550,IFRD1,downstream_1kb|NM_001197080,IFRD1,downstream_1kb|NM_001197079,IFRD1,UTR3|NM_001550,IFRD1,UTR3|NM_001007245,IFRD1,downstream_1kb|NM_001007245,IFRD1,UTR3",8
7,112119054,112123784,NA,REACH000141,1,PCR,NA,GGCTGGGTGTTCAATGTGTA,CACCAGTGAGGGGGATAAGA,BND,GTTAGACGCTGGAAGCCACTTAAGACAAAGCAAGACAACCTACTTCATTTTAACTATAACATACCTGCAAGACCACCTTTAAGAAGAGTTTTGGGGCTCTTGTCTAAGATATTAAGTTAAATATCTTGCATGTATATATCATTATAGTAAATCAGTATTCTTGACAGGTTGGTTCTCTCTTCCTAGGGGAAGTGATGTTTGAGCTGAGTCTTGAGGCAGGATTAGGAAGGGATATAGAAAAGAAAAGTAGCACAAAGCAAGACTCATTGAATGCTGAACAAAAGGCCCGAGATGTTCAAGAATCAAGCAATGAACAACTAGTCTATAACACAACATTTTTCTACTTTCAAGAAAACACAAGCATTCTTACACATTGACACCCAGCC,0,7q31.1,Lumpy,SVtyper,0,complex_SV,intergenic,"NM_182597,LSMEM1,intron_1/3|NM_001134468,LSMEM1,intron_1/3",intergenic,0
7,112119496,112123778,"4,283",REACH000141,1,PCR,NA,CGGGAAATCAAAGATGTAAGC,GCAAATGAGGAAATGGAAGC,BND,AAAATACTACAGATGTTCTGATAGAAGAATGTAAAGAATCCAGCAAAGGCAAAAGGAAAGACAGGTTGGTTCTCTCTTCCTAGGGGAAGTGATGTTTGAGCTGAGTCTTGAGGCAGGATTAGGAAGGGATATAGAAAAGAAAAGTAGCACAAAGCAAGACTCATTGAATGCTGAACAAAAGGCCCGATTCCAGCTCTGCTGCCAGGCAAATGTGTGATCCTGGGCATTTACCTCGCCG,0,7q31.1,Lumpy,SVtyper,0,complex_SV,intergenic,"NM_182597,LSMEM1,intron_1/3|NM_001134468,LSMEM1,intron_1/3","NM_182597,LSMEM1,intron_1/3|NM_001134468,LSMEM1,intron_1/3|NM_001134468,LSMEM1,UTR5|NM_182597,LSMEM1,upstream_1kb|NM_182597,LSMEM1,UTR5|NM_001134468,LSMEM1,upstream_1kb",6
10,69823519,69823810,292,REACH000228,1,PCR,NA,TGAGACACAACTGTGCTTAAAAA,GGGACAGGGTTTTGTTCTGT,DEL,CTCGGCTCACGGCAACCTCTGCTTCCTGGGCTCAAGCGATTCCCCTCAGCCTCCAGAGTAGCTAGGATTACAGGCGTGTGCCACCATCCCTGGCTAATTTTTGTATTTTTAGTAGAGGTGGAGTTTTGCCATGTTGACCAGGCTGGTCTCAAACTCCTGGCCTCAGGTAATCTGTCCGCCTTGGCCTCCCAAAGTGCTGGGTTTACAGGTGTGAGCCACCACGCCTGACCTACCTCTGTTTATTTATTTAGGAAAAAGAACATCTTTAATTTTAAGGAGTGAGAACTGAATTTATTTTTTAAGCACAGTTGTGTCTCA,0,10q21.3,Lumpy,SVtyper,0,chr10:69823519-69823810_deletion,"NM_022079,HERC4,intron_3/25|NM_015601,HERC4,intron_3/24|NM_001278185,HERC4,intron_3/23|NM_001278186,HERC4,intron_3/22","NM_022079,HERC4,intron_3/25|NM_015601,HERC4,intron_3/24|NM_001278185,HERC4,intron_3/23|NM_001278186,HERC4,intron_3/22","NM_022079,HERC4,intron_3/25|NM_015601,HERC4,intron_3/24|NM_001278185,HERC4,intron_3/23|NM_001278186,HERC4,intron_3/22",4
12,19257827,19293891,"36,065",REACH000076,1,ARRAY,click here,-,-,DEL,AAANTNCCCATGTAGACGCATCATAGCAGCAAGCATTGGCAATATTACTCAAGCACTGACACTGTTTGGGAATTACTCTTCAAGTGGCCAGTAATTTCAGAAGCACCGAAGAGAATCCCTGGCCTCACCTAGCAGGGTGAGGTTCTGTGCCACTTGTGCTAAATCAGTTTCTTCAAACTCACTTGCTCAGGACAGCCAATCTAGGACTGGCTTCTACTCATTCTTCCTCAAAATTCAGCACTTTCTCTTCATCCTCCCTGGTCCTGGCCTGAACCATCCCGAATAACTTCAACTATTACTTCTGCAACACAAGGCAAAAAGCTTCCCTGAATATCACTGGTACCATTACTTCTTTTCTCAGAAGTTTACAGATGCTCAGGTCTCCCTGGCCTTTAGGCATTTTGCACTATATTATAAGAAGACCTCTGATCTCTAGTCTTTCACATCTTGACTTCCAATGATGAACTGGGCCTTCCTCTCTAACTGTATGTTTCTGGATGGCTTGCCAATGTTAGTGCCTTGGCTCTAGCTAAGGACAGACAATGACTGAAGACTAGCAGGCCAATGTCTGCTCTAGGAACAGGCATGTGATCCAAGGTAGTCAAAAGTCCTTGTCCGAGATTTTTTTAATTTGCAACTAGAGAAGAAAACTTACATTTTAGGTTAAAAAGCTAAACGGGTGTAATTTGGGGCTGCACGTAACCATTTTTTCTGGTTAAAGAGAAGCTTTCTGTTGGGGGGGAGGGGTGGAAAGCAGGTGAGGAAGAGCCTTGAAGAATTTACTTGCATCACTCTTGAAATCAGTGTGAAGTGTTTCCTGGCTGGGGCACGGTGGCTCATGCCTATAATCCCAGCACTTTGGAAGGCCAAGGCAGGTGGATGGACCTGAGGGTCAGGAGTTGGAAACCAGCCTGGGCCAAACATGGTGAAACTCCCATCTCTACTAAAAATACAAAAAATTAGCCGGGCGTGGTGGCGGCCGCCTGTAGTCCCAGCTACTCGAGAGGCTGAGGCAGGAGATGGCGTGAAACCCAGGAGGCCGAGCTTGCAGTGAGCTGAGATCGAGCCACTGTACTCTAGTCTGGGCGACAGAGAGACTCGTCTTAAAAAAAAAAGAGCATTTCCACATTTTTAATTATTTATTTCTATTANNN,0,12p12.3,Lumpy_ForestSV,SVtyper_gtCNV,0,chr12:19257827-19293891_deletion,intergenic,"NM_001256470,PLEKHA5,intron_3/31|NM_001143821,PLEKHA5,intron_3/27|NM_019012,PLEKHA5,intron_3/25|NM_001190860,PLEKHA5,intron_3/3","NM_001190860,PLEKHA5,3/4_exons|NM_019012,PLEKHA5,3/26_exons|NM_001256470,PLEKHA5,3/32_exons|NM_001143821,PLEKHA5,3/28_exons",4
12,98296359,98297336,978,REACH000236,1,PCR,NA,AACATTGGGGGAAAAGAAGG,TCACTGGAGACGATGCCTAA,DEL,CTGGGTGGTGGGACAAAGATCACTGTGAACTAACCACCTCTCCCCAACTTCCCCACCCCTCCCCATGGTGCTATTATAGAGCAATATAGGAAAACATACTTCTGAGGGTCACAAGCGATTCTGAAATTCAAGGTTAGATTGTTTGTCCTGTTTGATTTCCTATAGTT,0,12q23.1,Lumpy_ForestSV,SVtyper_gtCNV,0,chr12:98296359-98297336_deletion,intergenic,intergenic,intergenic,0
12,117519551,117538100,"18,550",REACH000163,1,ARRAY,click here,-,-,DEL,GCCGCGGCCGGGGCCCAATGACGCAAAAAACACGCCTGGAATATTCACAGAGTCCGAACCTTTTCTGAGAACCCTTGATGTGGTGGCCCACACTGAGATGGGCTGAACTGGAAACCACCCACCAACCTGCCAAGACTAAGTACAAAAAAGAACACAGACAACTGCAATAACTTTTGATATTGATCATATGGTAAAAATGATCATTTTTAAATATAATGGGCTAAATAAAATACACTATTAAAATTCATCTCACCATTAATTTCTTTACTTGTCTTAATGTGGCCACGAGAAAATTTAGAATTATATTACATAATGTAATTACATTACAGCTACTAGAAAATTTACCATGATTACACCTCACATTATTATTTGTGTTGGGCAGCGTTGGTATATACCCTTTGAATCAGAACTTGATCCCTAGGAACAAATCCTGAGGAATTAAGACAGGCGTATAAAGATGAACAGATGAGGGTAATCAAGGTTGCCTGTTTAGAACAGTAAGAAACTGGGGGGCTGGGTGTGGTGGCTCACTCCTTTAATCCCAGCACTTTGGGAGGCCGAGGCTGGTGGATCACCTGAGGTCAGGAGTTTGAGACCAGCCTGGCCAACATGGTGAAACCCCATCTCTACTAAAAATACAAAAATTAGCTGGGTGTGGTGGTGCATGCCTGTAATCCCAACTACTCAGGAGGCTGAGGCAGGAGAATCACTTGAACCTGGGAGGCAGAGGTTGCAGTGAGCTGAGATCTTGCCACTGCACTCCAGCCTGGGCGACAGAGCAAGACTCTGTCTCAAAAAACAAACAAACAAAAAAACACTTGCAGAAGTGGGCCCAGGAGGCTGCATTTGGGGACAAACTGCTGGAGAGAAGGCAATGCCGTGTCTAGTCGCCCCCCACTATATAGGAACGCAAAATGTTATAAAACTTAGCGCCATTTCCTCAACCTGTAAAGATGGACGGACACGATGGGTGGGGTTGTCTAAAGTTGTTTTTAGTTGTCCAGGACTTGTGCG,0,12q24.22,ForestSV,gtCNV,NA,chr12:117519551-117538100_deletion,"NM_001168325,TESC,intron_1/6|NM_017899,TESC,intron_1/7","NM_017899,TESC,upstream_1kb|NM_001168325,TESC,upstream_1kb","NM_001168325,TESC,1/7_exons|NM_017899,TESC,1/8_exons",2
13,21131642,21135198,"3,557",REACH000292,1,ARRAY,click here,-,-,DEL,NA,0,13q12.11,Lumpy,SVtyper_gtCNV,0.94,chr13:21131642-21135198_deletion,intergenic,intergenic,intergenic,0
14,34818601,34820100,"1,500",REACH000167,0,PCR,NA,,,DUP,NA,0,14q13.1,ForestSV,gtCNV,NA,chr14:34818601-34820100_duplication,intergenic,intergenic,intergenic,0
14,51590332,51590396,65,D4S2Z-01,0,PCR,NA,GCTGGGCAGTGTTTTGATCT,CACACACTGGCTTGAAGGAA,DEL,NA,0,14q22.1,Lumpy,SVtyper,0,chr14:51590332-51590396_deletion,intergenic,intergenic,intergenic,0
14,61548589,61552404,NA,REACH000182,1,PCR,NA,ACAAGACAGGTTCAGAGAGGT,GGCACCTGGGACTACACATA,BND,GCTGTGCACTCCCATGTGGCATCTTCCTGAGGCACAGCCTGTCTCTCCCATGTTACCGATACCACGTTCCACAGAAAATGTAGTACTACACAGCCTACCCCAGTGGTTCTTCCTTTAGTCTACTGGCAAAACTTAGGGAAGAACAAAACAAAATACCTCTCTGTCCCAAGGAAGGGGCAGGAATACAGAAACAAGAACTAAGAATGTATTGCCAATAAATGTACTTGAGAAGAAATGTTAAAGAAGTTCTTCCATCCTGACTTTTAAAAGTTTGACACTGGATACATTATTTAACCTCTCTGAACCTGTCTTGT,0,14q23.1,Lumpy,SVtyper,0,chr14:61552265-61552404_140_bp_inverted_duplication_inserted_at_chr14:61548589_with_chr14:61548589-61548613_25_bp_deletion_at_insertion_breakpoint,"NM_001172702,SLC38A6,intron_16/16",intergenic,"NM_001172702,SLC38A6,intron_16/16",1
14,61548613,61552265,NA,REACH000182,1,PCR,NA,CCAAGGAAGGGGCAGGAATA,TCAATTTCCAGCGCTCTTCA,BND,GCTGTGCACTCCCATGTGGCATCTTCCTGAGGCACAGCCTGTCTCTCCCATGTTACCGATACCACGTTCCACAGAAAATGTAGTACTACACAGCCTACCCCAGTGGTTCTTCCTTTAGTCTACTGGCAAAACTTAGGGAAGAACAAAACAAAATACCTCTCTGTCCCAAGGAAGGGGCAGGAATACAGAAACAAGAACTAAGAATGTATTGCCAATAAATGTACTTGAGAAGAAATGTTAAAGAAGTTCTTCCATCCTGACTTTTAAAAGTTTGACACTGGATACATTATTTAACCTCTCTGAACCTGTCTTGT,0,14q23.1,Lumpy,SVtyper,0,chr14:61552265-61552404_140_bp_inverted_duplication_inserted_at_chr14:61548589_with_chr14:61548589-61548613_25_bp_deletion_at_insertion_breakpoint,"NM_001172702,SLC38A6,intron_16/16",intergenic,"NM_001172702,SLC38A6,intron_16/16",1
15,22701351,28574000,"5,872,650",REACH000316,1,ARRAY,click here,-,-,DUP,NA,0,15q11.2-q13.1,ForestSV,gtCNV,NA,chr15:22701351-28574000_duplication,intergenic,intergenic,"NM_022808,SNRPN,12/12_exons|NM_019066,MAGEL2,1/1_exons|NM_033223,GABRG3,10/10_exons|NM_022806,SNRPN,12/12_exons|NM_001142275,NIPA1,5/5_exons|NM_024490,ATP10A,21/21_exons|NM_001271664,GOLGA6L22,12/12_exons|NM_000814,GABRB3,9/9_exons|NM_005678,SNURF,10/10_exons|NM_014608,CYFIP1,31/31_exons|NM_001033028,CYFIP1,16/16_exons|NM_002487,NDN,1/1_exons|NM_022804,SNURF,4/4_exons|NM_052903,TUBGCP5,23/23_exons|NM_001102610,TUBGCP5,22/22_exons|NM_001165037,GABRA5,11/11_exons|NM_001270873,GABRG3,6/6_exons|NM_000462,UBE3A,14/14_exons|NM_022805,SNRPN,12/12_exons|NM_001184889,NIPA2,10/10_exons|NM_001008892,NIPA2,6/6_exons|NM_001184888,NIPA2,6/6_exons|NM_001191320,GABRB3,7/7_exons|NM_001287810,CYFIP1,32/32_exons|NM_005664,MKRN3,1/1_exons|NM_000275,OCA2,24/24_exons|NM_144599,NIPA1,5/5_exons|NM_001008894,NIPA2,5/5_exons|NM_130838,UBE3A,10/10_exons|NM_001001413,GOLGA6L1,9/9_exons|NM_004667,HERC2,93/93_exons|NM_130839,UBE3A,13/13_exons|NM_021912,GABRB3,9/9_exons|NM_000810,GABRA5,11/11_exons|NM_003097,SNRPN,10/10_exons|NM_001278631,GABRB3,10/10_exons|NM_001191321,GABRB3,7/7_exons|NM_018958,NPAP1,1/1_exons|NM_022807,SNRPN,13/13_exons|NM_030922,NIPA2,8/8_exons|NM_001008860,NIPA2,7/7_exons",41
16,60410403,61926470,"1,516,068",L7H6W_01,1,PCR,NA,TGAGGAAAGAGTTGTTAGGGAC,ACATGTGGCCTTTCATAAAACCA,INV,TGCAGAAACTAAGCCTCAGTGAGGTTAATGATTTGACAAAGCTCACTACCACTGATTTGCCACCGATCTATTCCTGATATAAGAAACAGTAGAAATATACAGACAAATAAAAATACAGAGTATTATGGAGATTCCTGTCTCCATTCTTAACTTCTGCCTTCTGCCTGAACACCTTCTGCTATAAGGTGGGCTGGGCAA,0,16q21,Lumpy,SVtyper,0,chr16:60410403-61926470_inversion,intergenic,"NM_001796,CDH8,intron_3/11","NM_001796,CDH8,9/12_exons",1
20,29804201,30388100,"583,900",REACH000141,1,ARRAY,click here,-,-,DUP,NA,0,20q11.21,ForestSV,gtCNV,NA,chr20:29804201-30388100_duplication,intergenic,"NM_012112,TPX2,intron_17/17",intergenic,0
22,36969582,37097776,"128,195",REACH000001,1,ARRAY,click here,-,-,DEL,AGTGGCGTGATCTCGGCTCACTGTAACCTCTGCCTCCTGGGTTTGAGTGATTCTTGTGTCTCAGCCTCCCAAGTAGCTTAGATTACAGGCCATGTGCCATCACACCTGGCTAATTTTTGTATTTTTAGTAGAGACGGGGTTTCACCATGTACACAAATACACACACGCAGCCAGCCACCTCGAGTGATATGTGTGGCTCATAGACATTACGAAATGCTCTTGAACTCAGCTTGAGAT,0,22q12.3,Lumpy_ForestSV,SVtyper_gtCNV,0,chr22:36969582-37097776_deletion,"NM_006078,CACNG2,intron_2/3","NM_006078,CACNG2,intron_1/3","NM_006078,CACNG2,1/4_exons",1
X,36191501,36198550,"7,050",REACH000300,0,ARRAY,NA,-,-,DUP,NA,0,Xp21.1,ForestSV,gtCNV,NA,chrX:36191501-36198550_duplication,intergenic,intergenic,intergenic,0
X,148683351,148736550,"53,200",REACH000145,1,ARRAY,click here,-,-,DEL,NA,0,Xq28,ForestSV,gtCNV,NA,chrX:148683351-148736550_deletion,"NM_032508,TMEM185A,intron_4/6|NM_001174092,TMEM185A,intron_3/5",intergenic,"NM_001282302,TMEM185A,4/4_exons|NM_032508,TMEM185A,4/7_exons|NM_001174092,TMEM185A,3/6_exons",3
1,162532432,162532432,NA,REACH000089,0,PCR,NA,TTCTGGGTTTCCCCTCTCTT,CTCTTGGATCCACACCCAGT,Alu,NA,0,1q23.3,Mobster,Mobster,0,chr1:162532432_MEI,"NM_003115,+,UAP1,intron 1/9","NM_003115,+,UAP1,intron 1/9","NM_003115,+,UAP1,intron 1/9",1
1,213608256,213608256,NA,REACH000166,0,PCR,NA,TGTTTCTTTTTGTGGGGCTA,GCTGTGGGACCACTCTAAGC,Alu,NA,0,1q32.3,Mobster,Mobster,0,chr1:213608256_MEI,NA,NA,NA,0
2,161209757,161209757,NA,REACH000236,0,PCR,NA,CTGTCTCACTGTTCTCCCTGA,CACCTATGGATGAGGCTGGT,Alu,NA,0,2q24.2,Mobster,Mobster,0,chr2:161209757_MEI,"NM_016836,-,RBMS1,intron 2/13","NM_016836,-,RBMS1,intron 2/13","NM_016836,-,RBMS1,intron 2/13",1
3,37476967,37476967,14|134,03C14334,1,PCR,NA,AATGATGGCACTTCATTCTGC,CCTTCCAGCCCTTTTACACA,AluYb8,tgatggcacttcattctgcagaatctttttttgtagtcaaaaagaacaagttagatctatacgtgtgaacatggaaaggtgtacatgacttaagtAGAAAAATTAAGTTCCGGGAGGCGGAGCTTGCAGTGAGCCGAGATTCCGCCACTGCAGTCCGCAGTCCGGCCTGGGCGACAGAGCGAGACTCCGTCTCAAAAAAAAAAAAAAAAAAAAAAAAAAAAAAAAAAAAAAAAAAAAAAAAAAAGAAAAATTAAGTTgcagaacgatatttatagtataatttcattcttacaaaaaccgttttctaaaactgtgtgtgtaaaagggctggaagg,0,3p22.2,Mobster,Mobster,0,chr3:37476967_MEI_with_14bp_target_site_duplication,"NM_178339,+,C3orf35,UTR3","NM_178339,+,C3orf35,UTR3","NM_178339,+,C3orf35,UTR3",1
13,107803681,107803681,12|277,REACH000120,1,PCR,NA,AGCCTCGAGCTTCTTCTTCC,TTCCCAAAGTGATCCACAAA,AluYa5,gcctcgagcttcttcttcctcagaattgtttttactattcagagaactttgagggcccacataaactttaatttttttttctgctcctgtaaaagaatgcCATTGAGGTTTTTTTTTTTTTTTTTTTTTTTTTTTTTTTTTGAGACGGAGTCTCGCTCTGTCGCCCAGGCTGGAGTGCAGTGGCGGGATCTCGGCTCACTGCAAGCTCCGCCTCCCGGGTTCACGCCATTCTCCTGCCTCAGCCTCCCAAGTAGCTGGGACTACAGGCGCCCGCCACTACGCCCGGCTAATTTTTTGTATTTTTAGTAGAGACGGGGTTTCACCGTTTTAGCCGGGATGGTCTCGATCTCCTGACCTCGTGATCCGCCCGCCTCGGCCTCCCAAAGTGCCATTGAGGTTTTgatagaaataacattaaatttgtggatcactttgggaa,0,13q33.3,Mobster,Mobster,0,chr13:107803681_MEI_with_12bp_target_site_duplication,NA,NA,NA,0
14,58985086,58985086,16|312,REACH000176,1,PCR,NA,CACTTTAGGAGGAGATAGTTTGATG,GCTGACAGTTCTTCCCTTTCTG,AluYa5,cactttaggaggagatagtttgatgtattttataatacagtatattttcaatacagttaaattggatttttaggtgtttatttAAAAATACATTCCATTGGCCGGGCGCGGTGGCTCACGCCTGTAATCCCAGCACTTTGGGAGGCCGAGGCGGGCGGATCACGAGGTCAGGAGATCGAGACCATCCCGGCTAAAACGGTGAAACCCCGTCTCTACTAAAAATACAAAAAAAATTAGCCGGGCGTAGTGGCGGGCGCCTGTAGTCCCAGCTACTTGGGAGGCTGAGGCAGGAGAATGGCGTGAACCCGGGAGGCGGAGCTTGCAGTGAGCCGAGATCCCGCCACTGCACTCCAGCCTGGGCGACAGAGCGAGACTCCGTCTCAAAAAAAAAAAAAAAAAAAAAAAAAAAAAAAAAATACATTCCATTtagactagaaatctgaaacatttatgttttataattaatagtgactaactggaaacaaagaaaaattgtatgtgctaatctacagtggaagtactcttgtttaaaattttcttttttagatttcagaaagggaagaactgtcagc,0,14q23.1,Mobster,Mobster,0,chr14:58985086_MEI_with_16bp_target_site_duplication,"NM_001244190,+,KIAA0586,intron 30/31,NM_001244193,+,KIAA0586,intron 26/26","NM_001244190,+,KIAA0586,intron 30/31,NM_001244193,+,KIAA0586,intron 26/26","NM_001244190,+,KIAA0586,intron 30/31,NM_001244193,+,KIAA0586,intron 26/26",1
17,72602944,72602944,NA,REACH000096,0,PCR,NA,GGTCCCTGCAGAGATGAAAT,gctgtagaccggagctgttc/cccaggcttgcttaggtaaa/agcccaccacagctcaag,L1,NA,0,17q25.1,Mobster,Mobster,0,chr17:72602944_MEI,NA,NA,NA,0
21,10772940,10772940,NA,REACH000194,0,PCR,NA,cagagtgtggggcctattgt,gctgtagaccggagctgttc/cccaggcttgcttaggtaaa,L1,NA,0,21p11.2,Mobster,Mobster,0,chr21:10772940_MEI,NA,NA,NA,0
Y,13687370,13687370,NA,REACH000209,0,PCR,NA,ccagtcctttccgtttgtgt,gctgtagaccggagctgttc/agcccaccacagctcaag,L1,NA,0,Yq11.21,Mobster,Mobster,0,chrY:13687370_MEI,NA,NA,NA,0
